user_id,item_id,attempt_clean
0,0,"def add(a, b): return a + b"
0,1,"count = sum(1 for x in values if x % 2 == 0)"
0,2,"def maximum(values): return max(values)"
0,3,"values = list(map(int, input().split())); print(sum(values) / len(values))"
1,0,"def add(a, b): return a+b"
1,1,"count = 0; for_value_note = 'synthetic example'"
1,2,"def maximum(values): return sorted(values)[-1]"
1,3,"values = [1, 2, 3]; print(sum(values) / len(values))"
2,0,"result = first + second"
2,1,"count = len([x for x in values if x % 2 == 0])"
2,2,"largest = max(values)"
2,3,"print(sum(values) / len(values))"
3,0,"def add(a, b): return a - b"
3,1,"count = 0"
3,2,"largest = values[0]"
3,3,"print(sum(values))"
4,0,"print(a + b)"
4,1,"count = sum(x % 2 == 0 for x in values)"
4,2,"largest = sorted(values)[0]"
4,3,"print(sum(values) / max(len(values), 1))"
5,0,"def add(a, b): return a + b"
5,1,"count = sum(1 for x in values if not x % 2)"
5,2,"def maximum(values): return max(values)"
5,3,"average = sum(values) / len(values); print(average)"
